{
  "accuracy": [
    0.5214999914169312,
    0.5228750109672546,
    0.5269166827201843,
    0.5355416536331177,
    0.5296666622161865,
    0.5320000052452087,
    0.5332916378974915,
    0.5402500033378601,
    0.5327083468437195,
    0.5423750281333923,
    0.543624997138977,
    0.5402500033378601,
    0.5397916436195374,
    0.5492500066757202,
    0.5442083477973938,
    0.5373333096504211,
    0.546916663646698,
    0.5412916541099548,
    0.5396666526794434,
    0.5431249737739563,
    0.5464583039283752,
    0.547041654586792,
    0.5424583554267883,
    0.5462083220481873,
    0.5408333539962769,
    0.543749988079071
  ],
  "val_accuracy": [
    0.7764999866485596,
    0.8149999976158142,
    0.8264999985694885,
    0.8218333125114441,
    0.8441666960716248,
    0.8504999876022339,
    0.7761666774749756,
    0.8321666717529297,
    0.8336666822433472,
    0.840666651725769,
    0.8513333201408386,
    0.840499997138977,
    0.8511666655540466,
    0.8289999961853027,
    0.8270000219345093,
    0.8526666760444641,
    0.8458333611488342,
    0.8363333344459534,
    0.8464999794960022,
    0.8450000286102295,
    0.8508333563804626,
    0.8491666913032532,
    0.8174999952316284,
    0.8500000238418579,
    0.8429999947547913,
    0.8460000157356262
  ],
  "loss": [
    0.7786821126937866,
    0.7536465525627136,
    0.7371830344200134,
    0.7259966731071472,
    0.7039417028427124,
    0.6942768692970276,
    0.6841720938682556,
    0.6746792197227478,
    0.6779975295066833,
    0.6654149293899536,
    0.6506947875022888,
    0.6452111601829529,
    0.6471974849700928,
    0.6442902088165283,
    0.6430672407150269,
    0.6454634070396423,
    0.6423881649971008,
    0.6419239640235901,
    0.6451064348220825,
    0.6435806751251221,
    0.6434242129325867,
    0.6421109437942505,
    0.6440278887748718,
    0.6467187404632568,
    0.6482967734336853,
    0.6456634998321533
  ],
  "val_loss": [
    0.5441877245903015,
    0.4578877091407776,
    0.4872764050960541,
    0.5826271772384644,
    0.4503050148487091,
    0.5095711946487427,
    0.6895260214805603,
    0.5829545259475708,
    0.5807480216026306,
    0.6092154383659363,
    0.6669076085090637,
    0.824733555316925,
    0.6239709854125977,
    0.7997258901596069,
    0.9512816667556763,
    0.8152764439582825,
    0.8336829543113708,
    0.8404394388198853,
    0.8156744837760925,
    0.8397849202156067,
    0.8606562614440918,
    0.8488290905952454,
    0.9737390875816345,
    0.8858618140220642,
    0.918447732925415,
    0.9285984635353088
  ],
  "epochs": 26,
  "final_val_accuracy": 0.8460000157356262,
  "best_val_accuracy": 0.8526666760444641
}